{"version":5,"hash":{"type":"Buffer","data":"1l4XI+vZIO9cxJSgvg39UnpB8nna5NHl03X60VETPsbLKu9vD8GuT4dnqrLeTPYmzfjHUe/SBMVaCY79poxuLxpFkujntYxrvK+OJMutn5bWyPgOpVapBdm7EUYSc4v6eudCRub5iTv9U1350I5H9ihYDDhlTaPjaIfN/L7+wfg="},"indexValueMap":{"CEGuWVGlpBgs4GrYlHuKC382dNhws0gTjPZ3kIRfmF0=":{"valueMac":{"type":"Buffer","data":"JCudTAY/e4cF50+vMc4gaCAd4dooKS4ETFEuRE+X1a4="}},"Klebb5YGSADQnjLUTfUgnAkFZstxQn5/EO3rKSFjJPQ=":{"valueMac":{"type":"Buffer","data":"392sgIRzjAsq4DHx8W8GDo4KCcxcWGE0mEeW7Uv2WjA="}},"Nqbkojm7jLcLssexd9CVprLXB5TgR9bfJ5aZa6QZqOo=":{"valueMac":{"type":"Buffer","data":"EigXjm1M2xUsXCuPqZiC/CLm42An1DIH2nED3jqr3kM="}},"yWeZn75RbRM1zJsEIDAhHGsIn9zB2+rzzsWEUyCwVEM=":{"valueMac":{"type":"Buffer","data":"kUUjsSAT8DOKLp4iWJI0C9k8cHFuL9UUQYMB1j3uHAY="}},"2HDm627pL62XdZjHNrrR7mjc6P3cbSvYkXYnnnX5WMw=":{"valueMac":{"type":"Buffer","data":"/R/Lzes5XPIGsSL+79WWA3KT0WdY6/Mw282Ib+Wlyes="}},"2f/uzp5/FfWsyo3fVXt1rQGAV9De3YSAu8deBNWv2s0=":{"valueMac":{"type":"Buffer","data":"xkOPnE9fIoHuzhy16zsFVFS/h11iKHq9B0ARE0VEnFI="}}}}