{"version":3,"hash":{"type":"Buffer","data":"0HqkKBkkVN0EHBAJyMgJzUMmqOmpdMAxWR9yFPZDiePppkhJzrQIfPU6VwckPZxL5Txm/XQEX/cxLN1wYWGDyNvvf8y8YAlvf5hyLwIrkx9W+oKiZJH8pJi6vQeTeTm/Ldj40sG3IYio8VmULjAvnHjJn2XBTzCkmZqKHcVnNls="},"indexValueMap":{"CXqbS/NBO/6XrevViusHx/121jNwLN2Mx1nciDXfOYI=":{"valueMac":{"type":"Buffer","data":"yHzfKsumLriTHSUvvgclZCjNAN6barmlF3OkDPjwfgA="}},"DvsI/buqTlVWdN619b2Dnk/xYxeioW1f5pWPkUnILCM=":{"valueMac":{"type":"Buffer","data":"5ILcHOAA/+b+/sUmJp+EkeafwZtVVI5DZtxZ4osufwg="}},"GfhoNddqGiHLBPRPyc+nIA6FGO9RF3tJsjOI6+wjjWQ=":{"valueMac":{"type":"Buffer","data":"FLYnEF+xdMfxT/tWsRNW9t5pJGOpjhPLWe7cTC2/MXk="}},"I61anOIJ4WzAoQlow56leyUZ9U5RyGYZuLMDpdEqHWE=":{"valueMac":{"type":"Buffer","data":"b/SL1GOz8YN4S1NWpFvgZdV4J/qgGsgUXT2I4MkAdWE="}},"I/1AcAcOnTf1HHnEtJk34Iya20vS8UBbbAPObFFp7Ts=":{"valueMac":{"type":"Buffer","data":"1Yq755QPDaXB2KGNOJRHf1dKXo8C4ud7lPqGyhNQXP0="}},"JAwPkATUPpKQcopKEjIIUiEN/0duvHLBt85xJpgRcxE=":{"valueMac":{"type":"Buffer","data":"eyKzqv9sGPQwc+8tshM06foed+rwZOOKC9v9skWs4hY="}},"JI+zbVeN5FYOjJ9Ss6Wv3sFUrRG30H7Au8guS8oEueg=":{"valueMac":{"type":"Buffer","data":"uJLh2K66n2b55jZLQ+n8m8fCVFcYTCqvw2eQv9YKaLY="}},"KrKBR/GfCp3nFM7eowig8Slbq22moauh1fTgkE1qyNg=":{"valueMac":{"type":"Buffer","data":"UfL594Bwi9wnVl6AAimufW4g0PwaQuvGzbKE9YSarv8="}},"Nz3HswluVZgBmFiPKEaCiECgcvehAed/6bufimyw0og=":{"valueMac":{"type":"Buffer","data":"kuZV9p2CbIC9vmBddnaJfZfJryxwKFKtpMOa0ftUjKQ="}},"TuvJnEuJ0Y63ucAIQHhCXdUEaNT6Hx0JSGdmr+YLGEY=":{"valueMac":{"type":"Buffer","data":"jZinhwAjzjpdW0iT1Kt97/M4NxWtf7uz3IAE6AtyREk="}},"VVupDdaArNVGfMNiJIFnWaYdHoYKcrTVRlisuYgLNlU=":{"valueMac":{"type":"Buffer","data":"Kq67nG5qdsFsbLaFWgGMazjJsrKpGHLsEUh4DzF5GfI="}},"WIJc/Sqt5tf0hZ3adJTp2L+TuEN38xIHxW/mIOix1lA=":{"valueMac":{"type":"Buffer","data":"mZbv2cODiZDd2oQdkbD4RrkMogilAOiRn0sgmefBxtw="}},"aXPYeMWjqPPhTBYZ2z5CE2GumKEK6wQxk4eGAuKRhk0=":{"valueMac":{"type":"Buffer","data":"GygWPF3kvcdemk0qfivqlehUTwU5Jm9+K40mG6hQk9Q="}},"dnFX+g/V4QJsSrXcBiBlrrrzs6ovN6vBAaWcJtFIBE4=":{"valueMac":{"type":"Buffer","data":"56j41cNs5Dw6oOASE3a7603UNp89GzvQz0gRzww9ksY="}},"eluaI/ZCILOlj56dU0Kg556vJGa4FgfRQTd22rY6CqA=":{"valueMac":{"type":"Buffer","data":"lOQFV4VBXr8Vj6Un/SPLX74kiYtkzBpZvGCX83ArdR0="}},"gl9QkaQvrqYmERo98LA7oqDn3Ik/hIDbfbqKxfAd+Gg=":{"valueMac":{"type":"Buffer","data":"nmQVwT6HDovISgK4APBdW/NC49B52SS09hqYfDvYCYM="}},"hmIXY0d1PRpM9Ks3PLy/HMVl3++QNpYe5o+n2lJ0YKg=":{"valueMac":{"type":"Buffer","data":"pUxSiEB09ni35Vs/yoZsnGzc6jsex+kxMZWdcccp4EI="}},"iy8J35BcEa4uV8lNeFqHdvGwKk1grFCbAfhkMV4xoPw=":{"valueMac":{"type":"Buffer","data":"IEpGuvMLr8d2UpXL8b40CfSsff3Ec2osM4p82AtT4ww="}},"npshb9Vlntc05zbYu52klKgoBRkAf8ZrZbSK6ugGrZQ=":{"valueMac":{"type":"Buffer","data":"daGoRGoum+feQgzgTE4+13ZAIDaNmk66IBjd4OJ9RYc="}},"pXc4syfJXlI1/BGkdK/d9c+ywPXuXhf7BrKn+/x79T0=":{"valueMac":{"type":"Buffer","data":"PKLa/PEG7F6dCs1yL5sbmXo2ZntGXs8egE8ZKdGLubk="}},"r/B9UzmwIVF/TUESUDe7pccoskStb5zWfsTpRD2PpqI=":{"valueMac":{"type":"Buffer","data":"AESXo8jFk+dhnGFxmasrmTk5ROL1AUUh3q5ezAws04M="}},"ufBifvCU8xoH+fiD5YeVg7jeVCMNweoEaDom7d8hfOM=":{"valueMac":{"type":"Buffer","data":"XD1rwQ03LjRax+mA/Yzd/oDxJJYUjfv4mfIFC9mik8c="}},"w97tZNth9ECGT2DgwbzbWuaicuFOYx/cPuxzJcF/wXM=":{"valueMac":{"type":"Buffer","data":"CGnmyW9wmy5XFAFNCq9tRcKdHlj/0AyFTuUpMakC7eA="}},"0WqD0RZQTrZeJRfQ5CwiUP+D8rY4Vf5ImTpQ/DcgNTI=":{"valueMac":{"type":"Buffer","data":"KHs++repSXeNhNUNhCtAbsBsAXJ/96lp4HjzAWOe5tM="}},"1HwtIj+1tkhWkRN3J/lBe4f8sqjKVWUdDxSiAasjtPc=":{"valueMac":{"type":"Buffer","data":"u06z5aoLmfGMfWkJeXlCrcigycaRCn3JaDTWRA/CqO8="}},"2HkjPGWWcWpdovKDS2o+hkc9gHUHaORfBSgvFQ206hI=":{"valueMac":{"type":"Buffer","data":"hQMBHFz6whWt7P7g5dIx6ZgG7vFtQlXHI2n8MuSlI5c="}},"2cIV7k+ou5yrPXZu6u5z9L7Vdx+CQ87esdoDJLHrJh0=":{"valueMac":{"type":"Buffer","data":"SHYZy/9igDKI+0lNmSn6mCXEkwHM2r8v438Ri9EhtcU="}},"3hYeECHYSI7I0E/ZPnmWPOf4zaDjAkmNOJVLhT9zehE=":{"valueMac":{"type":"Buffer","data":"tob7nokfAPCAd7vp2i3Q5zzep2cEWFUaXGb8Qf6xt48="}},"4rbmAKublAx99jVrDOJ6pm+B2A+3lrXm7rLhbDq0b3w=":{"valueMac":{"type":"Buffer","data":"mUrDS9LLgx8b7vjUGijDyip/CuyWrH/LSQuSl9/nszc="}},"6ZWxwKxkwtsgnzW2T6Q/Cs11Iqa0HbuQ0DCJZlnD4ow=":{"valueMac":{"type":"Buffer","data":"5qz9Rf4sCzttujSHMBtobx+8bH8/VFVhmoRqNNCRFIA="}},"77ibBH+t7WOgzAggl/C/taMwAeUNMHBq2gdDgireGbg=":{"valueMac":{"type":"Buffer","data":"AQHOd69XInlcPGE5m2XXGZLf4oJcwLvPGekVj+nnTtA="}},"8IjenSlsDpx5WLX7/WnGNMreLZD/vPMmBUYPxvoGoOE=":{"valueMac":{"type":"Buffer","data":"6u2HmbvChdGHSyPvGyq76LehbtuGkXOLTqWA6TZXQ5A="}},"8zHKEeT2Xn2gYcYYE2VJiQbWN3P85WAsCI/3o9dNF9s=":{"valueMac":{"type":"Buffer","data":"nCxukMnvG34YgCBthnMkodq1pXkdMh4dK5azlQvDwcI="}},"9I2uU758DqKJtpojW3NFI9dcd16rVKCFb36cS+uN5cA=":{"valueMac":{"type":"Buffer","data":"FC9TGko5VeZSeZifAH8B7o+9lsjAL1PGS3KCrcFRUHw="}},"9cPpR+QQ8LIAa8ePw7fj6+NJaMZWfY13Gj7sYHcpqxE=":{"valueMac":{"type":"Buffer","data":"4ERy+rwM3prXt0gB9j8/sjVx5ZU/5iXSm/Dc9xAPnqI="}},"/BERQq93XfZl0OxZgsZJxPiL917bLp3mX/F95DO/cXc=":{"valueMac":{"type":"Buffer","data":"cjZPaIa9cRzQDwOYYBAQoRtiRUPEt/cfJjy1rnfK8bs="}},"/Ibqk+zeb9KU40aVdV6PN3W++g6E9VMvgmO4nZfQvtw=":{"valueMac":{"type":"Buffer","data":"a7jadpEZzob3SELPNT30/QnK272mGx1smF58CWAeQ0Q="}},"/LcRh+iEnEvdJ4mS18V8SqiufQbz0jdCOc4HBOFU7u0=":{"valueMac":{"type":"Buffer","data":"W2CpdWwy0Y3XsTE8bAq9bIBgxeHUSrBQRWt0XodefJM="}}}}