{"version":8,"hash":{"type":"Buffer","data":"1gomZmKVKR37ngswZ6SC62ex5ooCRuZPgXbNlvnjZVYW/aduLvILaQfl6J2iE2JOj+WPGqpPCc6hkYnfBEqiJa7qPnT0fXHZev8kfYf1P9lt/+ug2NTJNgb0rFzkHV8BsB/vwRi4eIxs4VgU+eGwOk+wtDslYDFXTzMk6oRjiN0="},"indexValueMap":{"F/EdX4jfof+eRC5feSvxb7Ju+JydnHmSAVw7qE2+aa4=":{"valueMac":{"type":"Buffer","data":"Lm+pqyfKnNa+HgvtaICTCupDwWcSOJLgBpv2V0COZHM="}},"IHUUKyUvG9JlHGHlvGiwSeFY1fDq0gHDcUzHf/e4mwo=":{"valueMac":{"type":"Buffer","data":"zq7FmUzG8VrO0KwbzhzxBoaG+DrDaQupUrS/t0hgXaM="}},"Mjfw8S7rDB3Wl48OMRo2Z7a+FjkIk8zy2tZTq9Wauc0=":{"valueMac":{"type":"Buffer","data":"fry4w6uPIYOH+DUolYNf1tk1EbqXYvBTG+KQ53OZ4AM="}},"PErNjQhWMIfKLT8YnLWUj5Ex4+ei0+F/vwEITLJrgbc=":{"valueMac":{"type":"Buffer","data":"SybUMAdAjrGJC9rDr/lWUeGKe1+7PHkkycrlytyyy9Y="}},"Q9KSQSvyGm8LaTKUiWdf7x1bzEjm13990Ls6ApcCCDw=":{"valueMac":{"type":"Buffer","data":"gQdXpTfDBnMYuUheDGWeQvOVOMUaD2OuUQsKD0LjcmY="}},"dCfQmmin6x4ObfJNRrsubPVXt3iFIYag2bENq5fMBzI=":{"valueMac":{"type":"Buffer","data":"KrsjCBN6zDCcQYZCPRj8e6OfMWsFN3KBw6IWe0w6u7U="}},"lhSVbj5xo4UHiVTQW0Jr6RlBJd9xXr+dQ00BNa3oUEA=":{"valueMac":{"type":"Buffer","data":"+qV5d1O6kcDGHXSVEU/IUSGswioHdLuw9HdCTmT37hU="}},"neGOoOAQLOZwDrHucZ1JfKAjuty2dvqQnOATgWCUHcI=":{"valueMac":{"type":"Buffer","data":"rGseCuzBlwPFhEQ3LV/MCETv1CYwNkcW9pR1oNWgeQE="}},"oOGAFkX/pszLnz7RV2n3ww9NpZewgjjr1v8xpSxZ9C0=":{"valueMac":{"type":"Buffer","data":"MIboQ5PHdmQuPf+yMsd2G5X+2varCTQUftHnS88GXNY="}},"0fwgOby8/Y8t3GnnB3Aww7YHPs2DpY2XOwqS6GX5dzU=":{"valueMac":{"type":"Buffer","data":"YPGayNnUIblbL9jNGsaNUdN1Dr/2H87cbZj4TDON624="}},"aAWqOqnH9DqPHRFQTcijxc6A4fR1DP4Z7kJ2068NXOA=":{"valueMac":{"type":"Buffer","data":"0CqgUybE2k8sRnF2p/PowRwVodVyUXHimXRzSJyCfJ4="}},"Y+e9jWj/XY3VtTBswkF0B38IXa23bFoGJEDviyRScWg=":{"valueMac":{"type":"Buffer","data":"Kw+qGydfXjqeB74zVVBdsEl3uM15KEvFuNis6iagkkU="}},"+S00a8OgozB74Z3sEBYNMFS1hGz/Vc3MfZdAqlagYSc=":{"valueMac":{"type":"Buffer","data":"HeH5MM6dKNXPbMGzf9wrwjuRnE3Ul4Ti+MUrBwgkdds="}},"Jie00wpEvXmBu9v26upRkut+ddxF3pA6w787LrPdyX4=":{"valueMac":{"type":"Buffer","data":"bvw45CNBIqm/asrj3RnZ1YkC6N1CfccqZVWJHPQ5dYs="}},"QXsViT3U75infVjv4+gQWBXmjgY3A9nnoriZ4/Luhas=":{"valueMac":{"type":"Buffer","data":"G6EZkpf0g+q4OsnfQDjaKsqNRGA6ndxVCG7HTYXzsV4="}}}}