{"version":4,"hash":{"type":"Buffer","data":"GEE0JggPouy32Oh5eE5DEihhnvXlPpJLMJAuPNr2osupGSGtOrfh6zfaPfxnB1L5du3iRr+VjA+qwznQLl3dhEsCmR4BFqBZhaCuJHitImkefhGmCikrx0aSo4c5VU5aKy7F2ZxxNwS4v6oamfqeZUqaB1KLznmdRKKyPDqc0Qg="},"indexValueMap":{"LHOc3sp+AQk59vSZloBMB1cNEESaG7WUbj2gT7gwWvw=":{"valueMac":{"type":"Buffer","data":"PrjRgpeLUnEidlllCQySrB7Eyy9tDXSbwqtnGjaD/ZM="}},"NTymBZJSdkL2cF9FySgqXZXTXmLxMUGYwGmx4py3S5c=":{"valueMac":{"type":"Buffer","data":"iDE5OAbNFViTbCA7efyntAY6w7dYhgGing9H64TuVC0="}},"V3ySl0QNtStEyzfcEbPlTAfMK/5zccyRKs7IEiPvfYw=":{"valueMac":{"type":"Buffer","data":"OjPAM+Hyx7z936jVgJa3OWFgwi6eU3JDyPERYomy5N8="}},"WAeaqGTE4D45zgst9gDDwUFcejFVl7vPTQaTnArhg6E=":{"valueMac":{"type":"Buffer","data":"yesbjKH+7ttMKmJKDqoRbqyyRL9e2Ue3HMHtpQtAX0c="}},"iatEbke6LEXiJmLdCXrE2Yw3RSE9f1Js39rVoBRnY+Y=":{"valueMac":{"type":"Buffer","data":"MTZWlYHc3c5vARFQJIReRFdiyIoANC3djc6gYhjEHiI="}},"wNzJv+B9iXaUlJ8Lk0liGERRWLnI7OUkQ1mFeWPzNDA=":{"valueMac":{"type":"Buffer","data":"8K0IXFxLZEo3PyZH9IOD+BgIiEjC9o7tEjqKpJscbtY="}},"TcmU1uAtK48i+C/yICFdZ4DZazkbQ+6KMYlN7EoAwrw=":{"valueMac":{"type":"Buffer","data":"FioJa2FORijm8K37seBFPybOmQFdfyjmR+YBrWY181k="}}}}