{"noiseKey":{"private":{"type":"Buffer","data":"6L+CwlZnX+2Zg01Cl8RL6IxHMtrLtWoqR8KDXN9QlnA="},"public":{"type":"Buffer","data":"Njmj4J0eoY95fLkux72DyiOzEgA5DMczgEHb6BCYqiY="}},"pairingEphemeralKeyPair":{"private":{"type":"Buffer","data":"MEA0kx6syRyrUWIoeOtk2GtRXQCFJsz0QJmTmJesWlY="},"public":{"type":"Buffer","data":"k0frzq8SmR/BF06f7i65e3syThTxdzl2fperHwugsEU="}},"signedIdentityKey":{"private":{"type":"Buffer","data":"8IYGOD9+YquIk5rnEYEzT3wtf1lRQJ7THGfmicalG3k="},"public":{"type":"Buffer","data":"SpT9SB2fYcrlL1TIe76xDrbhluP0YRTYWlo/Gwtf1hc="}},"signedPreKey":{"keyPair":{"private":{"type":"Buffer","data":"mCquLZ/XdtkGm/NF2nZrm2G9P/JjiN4um+D6B1sUpmo="},"public":{"type":"Buffer","data":"Yyz4kfK66R5SSr2c9eA2bE5+915E7mSAjn5R+cHHeHw="}},"signature":{"type":"Buffer","data":"egB8ZFT9pCnss0F/hj0rdJPGlpxxlT0Iv7Bn4cJhGfhNgbVaFqyhLSl3115Vb9YoN/TVWNGkgjH80qU0OTRgAA=="},"keyId":1},"registrationId":183,"advSecretKey":"SDQ3RxvqPdbhDmHqVWGIaXaKWKm4+2mabApVUl7RZDI=","processedHistoryMessages":[{"key":{"remoteJid":"5519992956947@s.whatsapp.net","fromMe":true,"id":"AE7822BF0F5BB26ABF18C6EE24D4953F"},"messageTimestamp":1747420056},{"key":{"remoteJid":"5519992956947@s.whatsapp.net","fromMe":true,"id":"1C539FB5055F99D8DF015CCBF917BCE6"},"messageTimestamp":1747420056},{"key":{"remoteJid":"5519992956947@s.whatsapp.net","fromMe":true,"id":"FE1A777264C2C5E105589321CDEAA6C6"},"messageTimestamp":1747420072}],"nextPreKeyId":48,"firstUnuploadedPreKeyId":48,"accountSyncCounter":1,"accountSettings":{"unarchiveChats":false},"registered":false,"account":{"details":"CKmyi6gBEJGHnsEGGAUgACgA","accountSignatureKey":"WRvNZeGuiuwTiNHyVVQeqV3c8ZuaFaLsBkBuK517ynk=","accountSignature":"YM8c0k9ng0sc4gbptPSTsBMHWZJJE+62Zg+m09I1TWeK0zcDHAUl7+pkSM/6HHDZ8Y9j6P5LIO4l1Qx5Gh84Dg==","deviceSignature":"/xnikU10XvndSns1IEpCZmM53whGTKRZZgNGvv4gqTtaqf3gbXzuP1lUujj9wTiFNh0ATIuue3DMz2eX6KslBw=="},"me":{"id":"5519992956947:3@s.whatsapp.net","name":"Metal Sonic","lid":"97337481379915:3@lid"},"signalIdentities":[{"identifier":{"name":"5519992956947:3@s.whatsapp.net","deviceId":0},"identifierKey":{"type":"Buffer","data":"BVkbzWXhrorsE4jR8lVUHqld3PGbmhWi7AZAbiude8p5"}}],"platform":"smba","routingInfo":{"type":"Buffer","data":"CAgIDQ=="},"lastAccountSyncTimestamp":1747420134,"lastPropHash":"1Fcm9N","myAppStateKeyId":"AAAAALOu"}