[{"senderKeyId":494569663,"senderChainKey":{"iteration":169,"seed":"phA0S4uFowc7ELUkzHL21q6PgG5c1xpeOxUPrLD8l7g="},"senderSigningKey":{"public":"BUTtTTKN8AXSpDMadCeulIGD/u9EiVLEONUJZJQOBCgB"},"senderMessageKeys":[{},{},{},{},{},{},{},{},{},{},{},{},{},{},{},{},{},{},{},{},{},{},{},{},{},{},{}]},{"senderKeyId":494569663,"senderChainKey":{"iteration":165,"seed":"djuVOfz/y3Z+ESmjapG7HWM1uQWhCqg55VZyF6BRqjU="},"senderSigningKey":{"public":"BUTtTTKN8AXSpDMadCeulIGD/u9EiVLEONUJZJQOBCgB"},"senderMessageKeys":[]},{"senderKeyId":494569663,"senderChainKey":{"iteration":167,"seed":"2+PechpT44nGjmONSeLswjeggveOT7wr54wSa7C8X+0="},"senderSigningKey":{"public":"BUTtTTKN8AXSpDMadCeulIGD/u9EiVLEONUJZJQOBCgB"},"senderMessageKeys":[]}]