{"_sessions":{"Bb+ut+xb38AL59u+ll856cQFpoepfNR+U8jF9MbsWGp2":{"registrationId":1436215014,"currentRatchet":{"ephemeralKeyPair":{"pubKey":"BTAoUMTMSnzNVVugAgN06/gc6FI9j4stqhk/G+nUGH9Q","privKey":"ULFXTfVb5y94BLMZJw/Kn4xEGr0i3+5wbh/E80pUfW8="},"lastRemoteEphemeralKey":"BdQUyZHf7mtDSBb9WZKQHLUQZK/RUSpF1aFdybCsN4tt","previousCounter":0,"rootKey":"YzeNl94FTjz8bu9Y2m2WV4n3H/3bXQWqcQD41n7FsWY="},"indexInfo":{"baseKey":"Bb+ut+xb38AL59u+ll856cQFpoepfNR+U8jF9MbsWGp2","baseKeyType":1,"closed":-1,"used":1747420124984,"created":1747420124984,"remoteIdentityKey":"BWcujUXMXjhUqJ+F9+EAXUc9mvWcQTVR2+ehnS/ec8Ul"},"_chains":{"BTAoUMTMSnzNVVugAgN06/gc6FI9j4stqhk/G+nUGH9Q":{"chainKey":{"counter":0,"key":"ZjB83/g4X9qNbfPZoXzT0vLkZCpLlmI5Bp+caFp7P7I="},"chainType":1,"messageKeys":{}}},"pendingPreKey":{"signedKeyId":0,"baseKey":"Bb+ut+xb38AL59u+ll856cQFpoepfNR+U8jF9MbsWGp2","preKeyId":3311293}}},"version":"v1"}