{"_sessions":{"BYYjEgPP/O1POukxH2hc92RZNn5qA8PuVDVcBazONNUB":{"registrationId":217,"currentRatchet":{"ephemeralKeyPair":{"pubKey":"BcQXgBmR2wUyOrRhX4fO7buoSDhFzuICviB+vOgG+gAb","privKey":"wMda6L3UYxXBhVi9EUItXWTW66ysAKCeOz2IvnfbMGI="},"lastRemoteEphemeralKey":"Bbd61bZwQV+MO6ACvm7PR+ru+8nqyGcH+hBwlwDTc/kT","previousCounter":0,"rootKey":"g4CZmCYcCQRrVZwqDyR/zy8xclNS3pV+RoeYIT/Uels="},"indexInfo":{"baseKey":"BYYjEgPP/O1POukxH2hc92RZNn5qA8PuVDVcBazONNUB","baseKeyType":2,"closed":-1,"used":1747420199504,"created":1747420199504,"remoteIdentityKey":"BWhTVASmG/tjEgCPM3WG4SxOdz3XAhxxpw7ii5X+jvBb"},"_chains":{"Bbd61bZwQV+MO6ACvm7PR+ru+8nqyGcH+hBwlwDTc/kT":{"chainKey":{"counter":2,"key":"uYhFH1St5cm9RsmU9eKE8CHbBlkz5gvk8e9sXhN6IJo="},"chainType":2,"messageKeys":{}},"BcQXgBmR2wUyOrRhX4fO7buoSDhFzuICviB+vOgG+gAb":{"chainKey":{"counter":-1,"key":"0Jycqhz9laa9Pr8iMZSK3nipBp8IvZCew8wRZ+37rh8="},"chainType":1,"messageKeys":{}}}}},"version":"v1"}