{"_sessions":{"BWKXWmkDYkK5betakGDT1IEdWyywpY2rViK5B2U1GSh9":{"registrationId":1433520641,"currentRatchet":{"ephemeralKeyPair":{"pubKey":"BS5J4JXELDlH+axPbvp6C9gqsjSuI3C2YdJ/7wNyilcq","privKey":"SK/EFshoYTyyZQt6Gfqxv6vJMF4YKqwc1wxjOAKxkmc="},"lastRemoteEphemeralKey":"BQ8UDg44Wbl41SWsNrYHU77zcMySIeoG7Fa8rINieY4g","previousCounter":0,"rootKey":"R0i09Xr8b81qWVGX/iNhiHAyEw3CFa7yBs0sNa8qT/4="},"indexInfo":{"baseKey":"BWKXWmkDYkK5betakGDT1IEdWyywpY2rViK5B2U1GSh9","baseKeyType":2,"closed":-1,"used":1747423517730,"created":1747423517730,"remoteIdentityKey":"BVpRpYh9VQFWrHZb9J539PKqjB53Glp8b7jK9cVd1uFf"},"_chains":{"BQ8UDg44Wbl41SWsNrYHU77zcMySIeoG7Fa8rINieY4g":{"chainKey":{"counter":0,"key":"RgcSaLQWx6GBeWQWYLCIl8mgonZRH2VP5lE5tFWv6jc="},"chainType":2,"messageKeys":{}},"BS5J4JXELDlH+axPbvp6C9gqsjSuI3C2YdJ/7wNyilcq":{"chainKey":{"counter":-1,"key":"1FGr9Yjccvyjh3f4yJIFmjNGBPKQxC50fOAu+HmipwU="},"chainType":1,"messageKeys":{}}}}},"version":"v1"}