{"_sessions":{"Barbjlz/vGKjS/kA97IsF0Wr08MYDf2aumVzVTfL3r8H":{"registrationId":364245325,"currentRatchet":{"ephemeralKeyPair":{"pubKey":"BVlN6VpcAXFgLOyxTK+Xczzm54aAr/Nxd6qixzk3+YUJ","privKey":"OF3aoBGPupOr58gdYFpl+zjJW0aEKPs9NzZksUXHNlM="},"lastRemoteEphemeralKey":"BTqhaeaun/0uUN/RHUBGDeN9xiVqbSbjmTZeepaRW9si","previousCounter":0,"rootKey":"lmtqnXU6sTuYT9kxRpoD2Jk+Pu16x9QuYtrTkBc8lzo="},"indexInfo":{"baseKey":"Barbjlz/vGKjS/kA97IsF0Wr08MYDf2aumVzVTfL3r8H","baseKeyType":1,"closed":-1,"used":1747420124998,"created":1747420124998,"remoteIdentityKey":"BcuGELUt7YJnLQSzJcTc391QJiBX6qy1iSKe7lPR+fNt"},"_chains":{"BVlN6VpcAXFgLOyxTK+Xczzm54aAr/Nxd6qixzk3+YUJ":{"chainKey":{"counter":0,"key":"YHCEquP87CwjdVDCTyiP2TTjxDFysdS1PnhoxjD5FSU="},"chainType":1,"messageKeys":{}}},"pendingPreKey":{"signedKeyId":12341285,"baseKey":"Barbjlz/vGKjS/kA97IsF0Wr08MYDf2aumVzVTfL3r8H","preKeyId":3241}}},"version":"v1"}