{"_sessions":{"BY8hYQ/O93dmotQ+66lLkjmFcihsLH3bg1dW/Wacr/oJ":{"registrationId":1161869153,"currentRatchet":{"ephemeralKeyPair":{"pubKey":"BTYJOmDZtPu6dxdQHhTXQgdwQ6d4TEZhSdIg1vj/H/pb","privKey":"MMNggTsCrjFtF0Admx624cZPYGz0nQ+lnk2gPckR5nY="},"lastRemoteEphemeralKey":"BUyABb8DJaeZs4qQw1Zm6cF0NkESX64Vaj441ar3Qs8D","previousCounter":0,"rootKey":"OFO0Ujub+1+YIy49rSZ4AuTt6hikq6Ea/9QGAtVeqXs="},"indexInfo":{"baseKey":"BY8hYQ/O93dmotQ+66lLkjmFcihsLH3bg1dW/Wacr/oJ","baseKeyType":2,"closed":-1,"used":1747428301188,"created":1747428301188,"remoteIdentityKey":"BcLCISG3kE2+tz314SjXZs0SuScU7jJFmM/omvu9LOtu"},"_chains":{"BUyABb8DJaeZs4qQw1Zm6cF0NkESX64Vaj441ar3Qs8D":{"chainKey":{"counter":0,"key":"AyDESyIbBYO5ACNPWS+4LG2FfS/CXW1wMbtOAWCYLXY="},"chainType":2,"messageKeys":{}},"BTYJOmDZtPu6dxdQHhTXQgdwQ6d4TEZhSdIg1vj/H/pb":{"chainKey":{"counter":-1,"key":"GkESmqqB3E9C6c+QZq3h45DqVajY7LsoyxEQahkt6Wk="},"chainType":1,"messageKeys":{}}}}},"version":"v1"}