{"_sessions":{"BeDvnTF7ujPdVSVTefjd41e00erB6lR5s7HEyF/X9RJp":{"registrationId":1183858816,"currentRatchet":{"ephemeralKeyPair":{"pubKey":"BYVyG5pE56G/KBqjhVGJAQkjmCOHI6ysvJ9bCyvnukBX","privKey":"YOKrIvmTQXbcYzbop0BS1pG2S8BFJ8aVDehbw8ATDn8="},"lastRemoteEphemeralKey":"BbnkZcAvsHuxyxdQEbnF16u+B+NUWvjpimlvLdHYjuZ2","previousCounter":0,"rootKey":"s5dX474a7lheCkyeq0Z/lGP1VEsRZ0Cd2NafFxijsOU="},"indexInfo":{"baseKey":"BeDvnTF7ujPdVSVTefjd41e00erB6lR5s7HEyF/X9RJp","baseKeyType":2,"closed":-1,"used":1747430817285,"created":1747430817285,"remoteIdentityKey":"BXCti2el5yOYb2g5kWd21J2FMq177oF6i0G336Uy85xH"},"_chains":{"BbnkZcAvsHuxyxdQEbnF16u+B+NUWvjpimlvLdHYjuZ2":{"chainKey":{"counter":0,"key":"zXuaApsLkmbePo0U53V9dLibimx2gnzi+s4FqaoyAiA="},"chainType":2,"messageKeys":{}},"BYVyG5pE56G/KBqjhVGJAQkjmCOHI6ysvJ9bCyvnukBX":{"chainKey":{"counter":-1,"key":"dlCdo4l9GVgfMNgwXZZfG0TsHaUnKG+Y687qoqeqKZE="},"chainType":1,"messageKeys":{}}}}},"version":"v1"}