{"_sessions":{"BVfK5R4xadk5BPeqgvPZUF3JE8Jed3J/4L66M1zQrSoL":{"registrationId":868054138,"currentRatchet":{"ephemeralKeyPair":{"pubKey":"BcQcVGisaO98hc+w1zc0xiGMbSmQqU0KMQ5sk4GOZ6Fg","privKey":"EKL+J2M1MB5Hlv//dyiEqalDKnsZVKl17KFbHduOx1s="},"lastRemoteEphemeralKey":"BUvLyy53HeCYSSmjjHGzCRNb8BoinI0+0zMv3jMsDQRX","previousCounter":0,"rootKey":"k0OFeXb/C7O5QeXTS4uCTLefryNW2SPUB9q9fWp0aPg="},"indexInfo":{"baseKey":"BVfK5R4xadk5BPeqgvPZUF3JE8Jed3J/4L66M1zQrSoL","baseKeyType":1,"closed":-1,"used":1747420125006,"created":1747420125006,"remoteIdentityKey":"BRqGgTlIxwvX8L+3Mw2ymn4p9Y6cY6c8OrMWILG+lORk"},"_chains":{"BcQcVGisaO98hc+w1zc0xiGMbSmQqU0KMQ5sk4GOZ6Fg":{"chainKey":{"counter":0,"key":"dkZtkwGpjYWmwXmSpciNBJ4db1210+waxMoHAT3LZTM="},"chainType":1,"messageKeys":{}}},"pendingPreKey":{"signedKeyId":16115188,"baseKey":"BVfK5R4xadk5BPeqgvPZUF3JE8Jed3J/4L66M1zQrSoL","preKeyId":630}}},"version":"v1"}