{"_sessions":{"BUkRMPuI3kWPMwExEFjz/WhFLkAGEUdySEGq99PP5FxM":{"registrationId":15048,"currentRatchet":{"ephemeralKeyPair":{"pubKey":"Bf8s1k5u0K/lIYfJX8+MB1JYHLy9i1Ri/7RO5skxllNg","privKey":"eDiI2xzlOD+Tq8I3i0vClXPOYpFekOQfayYXMBY9lUU="},"lastRemoteEphemeralKey":"BV4lYIQts7IJYuHD5Gpg5KsaOILIfmrS24UQaGCTWuYM","previousCounter":0,"rootKey":"5UiN6POf+hrics0BJrXOQukAflPyDw/OUC2WAcMrCdg="},"indexInfo":{"baseKey":"BUkRMPuI3kWPMwExEFjz/WhFLkAGEUdySEGq99PP5FxM","baseKeyType":1,"closed":-1,"used":1747420124970,"created":1747420124970,"remoteIdentityKey":"BVZzUgNPMe04a/mIYFO651kU0sJJSYk+NSNRUN6kzGFN"},"_chains":{"Bf8s1k5u0K/lIYfJX8+MB1JYHLy9i1Ri/7RO5skxllNg":{"chainKey":{"counter":0,"key":"IeZQOwIY0TYRkfLrJ2tDsZvzQz+QNdlX7NUOqkEjc/A="},"chainType":1,"messageKeys":{}}},"pendingPreKey":{"signedKeyId":1,"baseKey":"BUkRMPuI3kWPMwExEFjz/WhFLkAGEUdySEGq99PP5FxM","preKeyId":2087}}},"version":"v1"}