{"_sessions":{"BV0hPQxwj5gPyFdO1HbuwhRq/cvTwnV7qeH5seIWnmcs":{"registrationId":1097058986,"currentRatchet":{"ephemeralKeyPair":{"pubKey":"Bc3Tnsw7PcDmXkrJEYIf8li1x6bN4h61PbsK1hhCvxdp","privKey":"CJ7CgYlhIu8hQyTlf7c7OHzOF8ZqIFKohC06U/nS4Xw="},"lastRemoteEphemeralKey":"BXtGOoByjKhRdnEA3/+9A5IR1A5JC7WghHlKGLtA2j8c","previousCounter":0,"rootKey":"BzrcgKY9+GOwxTyBUV8WiAoVbfWovJzM5XxQ6/R/7X8="},"indexInfo":{"baseKey":"BV0hPQxwj5gPyFdO1HbuwhRq/cvTwnV7qeH5seIWnmcs","baseKeyType":2,"closed":-1,"used":1747430722671,"created":1747430722671,"remoteIdentityKey":"BUx7CDYEVljqTZtEuf9VStOk58TR8etVBtuOTmXPwZ8/"},"_chains":{"BXtGOoByjKhRdnEA3/+9A5IR1A5JC7WghHlKGLtA2j8c":{"chainKey":{"counter":1,"key":"of+WvXorBzWutW4vaS7Hb5rx2XKJ+N57xlE1dZ8Qvcs="},"chainType":2,"messageKeys":{}},"Bc3Tnsw7PcDmXkrJEYIf8li1x6bN4h61PbsK1hhCvxdp":{"chainKey":{"counter":-1,"key":"tRwMnb0X18MHqB+ZugL5/Ag4liIjxvwr6ttkiVKtW4g="},"chainType":1,"messageKeys":{}}}}},"version":"v1"}