{"_sessions":{"BbCN320125Bpt9blRgX+fsXmsEzFeTjrudZn7CWYwIBd":{"registrationId":1285863169,"currentRatchet":{"ephemeralKeyPair":{"pubKey":"BX7srYScuwwCG94bJ+/BfY1DwPyXfwORWTbjgf1KTlMJ","privKey":"8AqnvsQGxxVRrvjA6W7vKaNi5mC6ZFRoMdZOSf7+tmI="},"lastRemoteEphemeralKey":"BZkJIohov9fZT/PtlXTVyx5yd/6R77fCbR9ymFWs9504","previousCounter":0,"rootKey":"3u6B1Y0jkkv0EMeC9o1Ms9n7gxGt5Duo3QkHff7/gm8="},"indexInfo":{"baseKey":"BbCN320125Bpt9blRgX+fsXmsEzFeTjrudZn7CWYwIBd","baseKeyType":1,"closed":-1,"used":1747420124943,"created":1747420124943,"remoteIdentityKey":"BSdVfOXnKB486cNZDAnTxwzP+/SAJReuMZFfEmxSKr8j"},"_chains":{"BX7srYScuwwCG94bJ+/BfY1DwPyXfwORWTbjgf1KTlMJ":{"chainKey":{"counter":0,"key":"dsnW4ru+9PtKRZnFuRTEGEFlU1uNUBXlFa6EQ7vKzBA="},"chainType":1,"messageKeys":{}}},"pendingPreKey":{"signedKeyId":1,"baseKey":"BbCN320125Bpt9blRgX+fsXmsEzFeTjrudZn7CWYwIBd","preKeyId":527}}},"version":"v1"}