{"_sessions":{"BYIpBq2dLM1Y2xZ03uA7X5mKZqMAoACTZkIeexrQe/UB":{"registrationId":1633424822,"currentRatchet":{"ephemeralKeyPair":{"pubKey":"BSNtmZ/idB+I+j1lMsOhZec3agcjxMBUkf/cKMZRqUpL","privKey":"aG7+q92Tvj0SXpPOGzP1MkCdQIRFLXMhr6/nJ3OrPnA="},"lastRemoteEphemeralKey":"BTkQm2FfKcg4LluA7lHqvAbLgJhmf5cy7Zlo/Yd7tmso","previousCounter":0,"rootKey":"xolzpZlibk3i05qhxmwgMcbNzs8Tbr92NJgZDNHtpJU="},"indexInfo":{"baseKey":"BYIpBq2dLM1Y2xZ03uA7X5mKZqMAoACTZkIeexrQe/UB","baseKeyType":1,"closed":-1,"used":1747424192472,"created":1747420124977,"remoteIdentityKey":"BQPTmxwUi+a4DMs6gbDujih7c/Z5YkL9G/qZhRwz3IRl"},"_chains":{"BTkQm2FfKcg4LluA7lHqvAbLgJhmf5cy7Zlo/Yd7tmso":{"chainKey":{"counter":0,"key":"qSfDwFEeyG5P7FPV7kCDqZX8t9QhdaYCpw6LkYASyF4="},"chainType":2,"messageKeys":{}},"BSNtmZ/idB+I+j1lMsOhZec3agcjxMBUkf/cKMZRqUpL":{"chainKey":{"counter":-1,"key":"DiZb3CclUoDxjNkdmvHahoIFkgOoOVzbsNR7qJvUPsw="},"chainType":1,"messageKeys":{}}}}},"version":"v1"}