{"_sessions":{"BQEd1Hgzk/MURY/9bsd8qgGkt4upd/PbIhIHwksGnOFI":{"registrationId":215574569,"currentRatchet":{"ephemeralKeyPair":{"pubKey":"BbxgjH5B75D5pPZBvnHcsWtjQrzkpTbsQOXBylBFrxhN","privKey":"KEbG7tKY6qDu3l7fef77WokN/EmmFwQ75C/G3Wrykmc="},"lastRemoteEphemeralKey":"BXlhQ91MovZR9G8NqMqDzoCNUw/DuRSvo8pkJrEkOjYA","previousCounter":0,"rootKey":"nGZaJadr5FbSYxhz76V9W+1u+cbYcMfacQzXlLZhwmk="},"indexInfo":{"baseKey":"BQEd1Hgzk/MURY/9bsd8qgGkt4upd/PbIhIHwksGnOFI","baseKeyType":1,"closed":-1,"used":1747420124991,"created":1747420124991,"remoteIdentityKey":"BVhlo608uU/rmNrCKw6KeJOffFo6SF9g0uXy+xNq9ZRi"},"_chains":{"BbxgjH5B75D5pPZBvnHcsWtjQrzkpTbsQOXBylBFrxhN":{"chainKey":{"counter":0,"key":"OAiu8hIm61Gk3fnx/mMjRO1xi90+z+8fGwmNik8x6ZY="},"chainType":1,"messageKeys":{}}},"pendingPreKey":{"signedKeyId":0,"baseKey":"BQEd1Hgzk/MURY/9bsd8qgGkt4upd/PbIhIHwksGnOFI","preKeyId":13379221}}},"version":"v1"}