{"_sessions":{"BVmyt15sc53TkOPDfr+S1FY+7l1TTmt5aIU2tw2/Schh":{"registrationId":1295484761,"currentRatchet":{"ephemeralKeyPair":{"pubKey":"BfElShEBHj6HRaV0F92QCwdli+vzFeOwdg43PtKiX+s2","privKey":"aJVBzeIHsH9hb9kQwxh/UYto82txmc4bM8oTqeuKc14="},"lastRemoteEphemeralKey":"BY8a6Ilr6mU6limoaRIFlGqzK4sBZlhRuOPb9UxPUJkU","previousCounter":0,"rootKey":"/bI+pM7ulDS8LIzwjzsBD5mUKdxmlMfZUbvFKmvvySA="},"indexInfo":{"baseKey":"BVmyt15sc53TkOPDfr+S1FY+7l1TTmt5aIU2tw2/Schh","baseKeyType":2,"closed":-1,"used":1747428262870,"created":1747420054992,"remoteIdentityKey":"BVkbzWXhrorsE4jR8lVUHqld3PGbmhWi7AZAbiude8p5"},"_chains":{"BYFZo8ti5qUr1la6R/OZKuqiMag3ihKI2S33nJ95RHde":{"chainKey":{"counter":6},"chainType":2,"messageKeys":{}},"BUlsM0OEYDA/CuGr5f1PJAcviC3zWK1rkSDGUJTvvZUL":{"chainKey":{"counter":0},"chainType":2,"messageKeys":{}},"BTWGt14agzAvd3ksqJcXuYIXarcirSR3E4XjvunQ0y8u":{"chainKey":{"counter":0},"chainType":2,"messageKeys":{}},"Bcru5oplpAv6Cm90fc1ePS6NB9oudObgn0Z/djWtk3pC":{"chainKey":{"counter":0},"chainType":2,"messageKeys":{}},"BU5x+jVAX5OxgHerfzXlooXy3YhRyOn3DfPtI9jXZs5f":{"chainKey":{"counter":0},"chainType":2,"messageKeys":{}},"BWMEochSntcPvloHVNyOiPsP3GCdEbgObXUSXSjNJiFd":{"chainKey":{"counter":0},"chainType":2,"messageKeys":{}},"BdmY4ex+u7RLZlwzOLWL6vOrH+P1QARfEmA0JYgI1wkr":{"chainKey":{"counter":0},"chainType":2,"messageKeys":{}},"BWDNwJ6P6XcaM7CjILOXZshaVsOpW7llI1l+rqCq9aJv":{"chainKey":{"counter":0},"chainType":2,"messageKeys":{}},"BY8a6Ilr6mU6limoaRIFlGqzK4sBZlhRuOPb9UxPUJkU":{"chainKey":{"counter":1,"key":"PJMMPCCfwqFvLxF//stisOj/4EStcRq0CIMaNvgSe2o="},"chainType":2,"messageKeys":{}},"BfElShEBHj6HRaV0F92QCwdli+vzFeOwdg43PtKiX+s2":{"chainKey":{"counter":6,"key":"1+alX2cBC9es+aohNxcq+kuyZg9w8mYkQzSd81QE8AI="},"chainType":1,"messageKeys":{}}}}},"version":"v1"}