{"_sessions":{"BTeqMe5ZxdsF3urbjDSVS6QC/4ouMPK4o+mMpdBxUEAR":{"registrationId":7340,"currentRatchet":{"ephemeralKeyPair":{"pubKey":"BbBNbWsk6OvrSl3IdAjYvAFDFQjsmpBsAyMkWEkZnqVq","privKey":"uK91a2R6WKgpokhxXeQGEBJMzEq9W7uM5pcysh9+UlY="},"lastRemoteEphemeralKey":"BRrNipbZahAm1aU1kh0mOeLmFBXDWKKFQBgbm3vHEnot","previousCounter":0,"rootKey":"p73LuXncWWO180WPBljM+wvt9eNAkcSvyX800RhuP5o="},"indexInfo":{"baseKey":"BTeqMe5ZxdsF3urbjDSVS6QC/4ouMPK4o+mMpdBxUEAR","baseKeyType":1,"closed":-1,"used":1747420124934,"created":1747420124934,"remoteIdentityKey":"Bc68Z6Tzr96KdEeI+gbBD/8Rsjn/WX5dYZVWE6YuALBq"},"_chains":{"BbBNbWsk6OvrSl3IdAjYvAFDFQjsmpBsAyMkWEkZnqVq":{"chainKey":{"counter":0,"key":"C1uo36yeGO64jfNzQnVRgMOc/KnUKpxmTr3fPYjDKWA="},"chainType":1,"messageKeys":{}}},"pendingPreKey":{"signedKeyId":1,"baseKey":"BTeqMe5ZxdsF3urbjDSVS6QC/4ouMPK4o+mMpdBxUEAR","preKeyId":784}}},"version":"v1"}