{"_sessions":{"BYY/hnTZvUYitEZt86TanZIiEeBnyW9oGZGjAnI7ilkq":{"registrationId":12430,"currentRatchet":{"ephemeralKeyPair":{"pubKey":"BVa8sSOscpP1k+kUMb9QQ5g1WCJoNdPPtbYpEEN31ItJ","privKey":"YBCik1/JMKm1sOvLhN2e+74UjAT6HbMW1kwgRUl6p0U="},"lastRemoteEphemeralKey":"BYPGWnJIIawn0AyGiFi0v+X7yA7vn4NeaIDqc02E85EV","previousCounter":0,"rootKey":"iBziCYhdrkfGQU1E+2RJn/7lNn3PP0a7ngKDWfF9D6I="},"indexInfo":{"baseKey":"BYY/hnTZvUYitEZt86TanZIiEeBnyW9oGZGjAnI7ilkq","baseKeyType":2,"closed":-1,"used":1747421987047,"created":1747421987047,"remoteIdentityKey":"BVuFW5rhhUT++SBQOpKsckyyLuwPoDDNEW9vOUXNdypL"},"_chains":{"BYPGWnJIIawn0AyGiFi0v+X7yA7vn4NeaIDqc02E85EV":{"chainKey":{"counter":0,"key":"vVkk8QoGIQvMz54kyUBGFGDbNMjkD4coER+vYITX9C4="},"chainType":2,"messageKeys":{}},"BVa8sSOscpP1k+kUMb9QQ5g1WCJoNdPPtbYpEEN31ItJ":{"chainKey":{"counter":-1,"key":"pc18MPXreQjJnwEvmvTezAfoRIoJeuB1PNHczlRVGeE="},"chainType":1,"messageKeys":{}}}}},"version":"v1"}