{"_sessions":{"BY+8JNMW3B5oBZgNHATSlcc3uSORH7qJmYXC4Ar/lRd9":{"registrationId":6663,"currentRatchet":{"ephemeralKeyPair":{"pubKey":"BQyRBPU1VCUCAH7bdaZCaQPpdl/2mQ+7QAN1E8NuEp5l","privKey":"SCgZie3/7cGWkTmH7tFzlGjQs/br55k7uRFC0h+DdmA="},"lastRemoteEphemeralKey":"BYNikxa7X3e+N5HiJP3uoSWaPFOlR4zYToIe6LCsLfUf","previousCounter":0,"rootKey":"tKXw2XFn1sRZd8RB9VN7eQONedgg+1QOTnigFXW/ErE="},"indexInfo":{"baseKey":"BY+8JNMW3B5oBZgNHATSlcc3uSORH7qJmYXC4Ar/lRd9","baseKeyType":2,"closed":1747587233275,"used":1747430636228,"created":1747420122309,"remoteIdentityKey":"Bb+nH8DoBxi/320DqPc9gW5oiB0eWJt5UyHDbmDpPKVu"},"_chains":{"BSEQpGyRUhJLjoKBnm5DiozZOmGnJxyptwqloCFh0VJC":{"chainKey":{"counter":0},"chainType":2,"messageKeys":{}},"BYNikxa7X3e+N5HiJP3uoSWaPFOlR4zYToIe6LCsLfUf":{"chainKey":{"counter":1,"key":"jtMzUBboO/FYz+u6BNMs6UNgOHfcqMEBeKwz6RvUYaQ="},"chainType":2,"messageKeys":{}},"BQyRBPU1VCUCAH7bdaZCaQPpdl/2mQ+7QAN1E8NuEp5l":{"chainKey":{"counter":-1,"key":"BFGzbjVUUXo/ixzWNQRGugCMZKVjxuMczhC7qnJbDt8="},"chainType":1,"messageKeys":{}}}},"Bc1rgHrJKKaz+MQ38cr7c+Fem0rdJtCsuYE9ooQDAlU6":{"registrationId":6663,"currentRatchet":{"ephemeralKeyPair":{"pubKey":"BYzmgURb3MiR6HRkV7QHP6WBXVtCG1MQ8fJ6iNlEgBgd","privKey":"AKmagBu9G81syOBjXeJriKdxIdhBLCz3iFED7xp36H0="},"lastRemoteEphemeralKey":"BUMBoER5MjW6RVtAzyNa9MDUjIpDMouf8xLpab/Vo8ow","previousCounter":0,"rootKey":"y3cjCejS42EuNQ5v+TlXCnv46w+PjNhZPfMs4gw0Vqk="},"indexInfo":{"baseKey":"Bc1rgHrJKKaz+MQ38cr7c+Fem0rdJtCsuYE9ooQDAlU6","baseKeyType":2,"closed":-1,"used":1747587233281,"created":1747587233281,"remoteIdentityKey":"Bb+nH8DoBxi/320DqPc9gW5oiB0eWJt5UyHDbmDpPKVu"},"_chains":{"BUMBoER5MjW6RVtAzyNa9MDUjIpDMouf8xLpab/Vo8ow":{"chainKey":{"counter":1,"key":"F7vRo4kbQKJPBDI3zE1AMhRpz7XonmAPBG1OwRARv/0="},"chainType":2,"messageKeys":{}},"BYzmgURb3MiR6HRkV7QHP6WBXVtCG1MQ8fJ6iNlEgBgd":{"chainKey":{"counter":-1,"key":"539ua7dCpEDlG0FeUYoKwFvpgTvaBYusTWEOl/3ZnAw="},"chainType":1,"messageKeys":{}}}}},"version":"v1"}