{"_sessions":{"BY/po67MUJJNbHREibDc24op6GusJhO1ok9q61AWbWQT":{"registrationId":161985343,"currentRatchet":{"ephemeralKeyPair":{"pubKey":"BU4YfIw3fbmUo5UNDLTsT3PkeQSrcahWtdsqRO5Uhd1+","privKey":"sEIabRTMzBcN9PveFSq16jYdqeOggAJkf07OMQXecnQ="},"lastRemoteEphemeralKey":"BUkuhUOwwAB6bnMkOl6mHSjgKptz9qAVgtDuQY79wyde","previousCounter":0,"rootKey":"uYvD+rra/5k/MpIZj0REWV2EwDlrmalcW0/Ir0MvCU4="},"indexInfo":{"baseKey":"BY/po67MUJJNbHREibDc24op6GusJhO1ok9q61AWbWQT","baseKeyType":2,"closed":-1,"used":1747422435099,"created":1747422435099,"remoteIdentityKey":"BT+B5vhoU4ToIRsCfrrz02s5srQaylclWScOYvdClc8s"},"_chains":{"BUkuhUOwwAB6bnMkOl6mHSjgKptz9qAVgtDuQY79wyde":{"chainKey":{"counter":1,"key":"DOr1RVNS2PGJ6bKNYc73K7d2t6vrQvuen+CJLOW2lQY="},"chainType":2,"messageKeys":{}},"BU4YfIw3fbmUo5UNDLTsT3PkeQSrcahWtdsqRO5Uhd1+":{"chainKey":{"counter":-1,"key":"VkEG2tx2qA06Xma/pbnsy3IAsGIma0TcSJHoq3Q0jSY="},"chainType":1,"messageKeys":{}}}}},"version":"v1"}