{"_sessions":{"BUhPH/noP5hKJa7Jev/yI6ZhzITmVWl8IgU6Lrkt6Lwt":{"registrationId":1104029083,"currentRatchet":{"ephemeralKeyPair":{"pubKey":"BWy/6YPUHXmg7kZSBo/vYZtX1BZYueRd+zOufKEHNhIv","privKey":"uDPxWk0fssl7ICX9ZlZYw0W10Z82CBB3O0W2Fy8xN2I="},"lastRemoteEphemeralKey":"BVjGq0Ewcf7IGxeJwH8ZQ+X0yQ02SathL2IaC6n1YJpV","previousCounter":0,"rootKey":"QjGFkVpmaAdovkiv7d/3UyHGsIJ8WsoTnuERc1bvq+E="},"indexInfo":{"baseKey":"BUhPH/noP5hKJa7Jev/yI6ZhzITmVWl8IgU6Lrkt6Lwt","baseKeyType":1,"closed":-1,"used":1747420879987,"created":1747420125018,"remoteIdentityKey":"BfxV2faV2Dw3+SCK1ZgzGXas4soJKcWOYDMYi9XhAVJ0"},"_chains":{"BVjGq0Ewcf7IGxeJwH8ZQ+X0yQ02SathL2IaC6n1YJpV":{"chainKey":{"counter":0,"key":"Adxgmxq3NvvHU0dYXAm6vXhv++e3wB1lG/miI2rv+Vs="},"chainType":2,"messageKeys":{}},"BWy/6YPUHXmg7kZSBo/vYZtX1BZYueRd+zOufKEHNhIv":{"chainKey":{"counter":-1,"key":"5KdUv/CNdJDuYElpaCX3wNkdfqZNyC+/ocmEaqVFOP0="},"chainType":1,"messageKeys":{}}}}},"version":"v1"}