{"_sessions":{"BdptkYxo5G+e8ZyNBxGWIAczaAnmi4oEij4u/8kXLbh7":{"registrationId":13864,"currentRatchet":{"ephemeralKeyPair":{"pubKey":"BcHzqOsIzXiWBYFunfhQAshzIaylqLqYzswyICXmVX16","privKey":"0Gbi2/StYoGVRUghJdDE5dhMiQ+NLqSX3FTqA6ZU5no="},"lastRemoteEphemeralKey":"BbQ4BZYBX5HT0TufG4dvo4mYiCrMhw3e7WRjuyeonDxC","previousCounter":0,"rootKey":"TXB4dg88rD4OATBylSLs5dEjrBLJ+ZQN/Qm81gioVKI="},"indexInfo":{"baseKey":"BdptkYxo5G+e8ZyNBxGWIAczaAnmi4oEij4u/8kXLbh7","baseKeyType":1,"closed":-1,"used":1747420124918,"created":1747420124918,"remoteIdentityKey":"BUlrrgr7Xb9+eHguZijCssGOHnyz9lwelbomtSst4VkI"},"_chains":{"BcHzqOsIzXiWBYFunfhQAshzIaylqLqYzswyICXmVX16":{"chainKey":{"counter":0,"key":"JdHwTTYJtcYhCv1myO0Kfahjvx2p7eAXntxGSeKFKHY="},"chainType":1,"messageKeys":{}}},"pendingPreKey":{"signedKeyId":1,"baseKey":"BdptkYxo5G+e8ZyNBxGWIAczaAnmi4oEij4u/8kXLbh7","preKeyId":130}}},"version":"v1"}