{"_sessions":{"BeO06HHF85iAmXM3k3LSzHgikAnx14z5uWEw2Wr3bw0W":{"registrationId":870602760,"currentRatchet":{"ephemeralKeyPair":{"pubKey":"BcSLY9UmykdCBpTDg2U6UeZJRz3LOoFmz8MGQi4pItlT","privKey":"KOxOjBghBWgRzNFZrRK3n39foWFyqgEexHcfXpd9WVA="},"lastRemoteEphemeralKey":"BZe/RSpWc/W97iSeY7qhLF/DKMbqAqDwzmKB4ZnF0zdU","previousCounter":0,"rootKey":"46i7KwjagzLv3oSzEOZUEAg388b3jsY8ghtH9H8gKl0="},"indexInfo":{"baseKey":"BeO06HHF85iAmXM3k3LSzHgikAnx14z5uWEw2Wr3bw0W","baseKeyType":1,"closed":-1,"used":1747426240699,"created":1747420124959,"remoteIdentityKey":"BZ3hB/G65OfhNMRwMAbKxqJTKcY2LbmSeW+qtlETXqZo"},"_chains":{"BZe/RSpWc/W97iSeY7qhLF/DKMbqAqDwzmKB4ZnF0zdU":{"chainKey":{"counter":0,"key":"Pzjvurw7vNETGbZ1YTw2Iv0kqXMif+txKY1TqD5BsCo="},"chainType":2,"messageKeys":{}},"BcSLY9UmykdCBpTDg2U6UeZJRz3LOoFmz8MGQi4pItlT":{"chainKey":{"counter":-1,"key":"oS8SlGrgJMUFZViZoPE/S8Vk7l0+Z1eXat+Jy/JiguA="},"chainType":1,"messageKeys":{}}}}},"version":"v1"}