{"_sessions":{"BUWQYWV1mk4Vp3foxuj6jX2+04wZhRQYAJvffMVi2MIO":{"registrationId":187,"currentRatchet":{"ephemeralKeyPair":{"pubKey":"BXSOB/8xUb5DbZJYalnQomfB8BSooy5p6uvRyyiNczk+","privKey":"YPj4DnKY7qKt1NAfPsI1HIEqU8Z8BF255qU81jc3GEE="},"lastRemoteEphemeralKey":"BdmYcuszM88rZ+hoHUV9BiTD/KBXUPtdw4hcCXhu9EZ1","previousCounter":0,"rootKey":"6Oc14tunu46LpIxTZCC8ODCUI509oIfFD7TFJTU0PbA="},"indexInfo":{"baseKey":"BUWQYWV1mk4Vp3foxuj6jX2+04wZhRQYAJvffMVi2MIO","baseKeyType":2,"closed":-1,"used":1747420456670,"created":1747420456670,"remoteIdentityKey":"BXNwQ4j85HQDRBdhxWv6qtARD3GlyNBGTNKx6u9e2cgU"},"_chains":{"BdmYcuszM88rZ+hoHUV9BiTD/KBXUPtdw4hcCXhu9EZ1":{"chainKey":{"counter":51,"key":"VqoJFYT8IInBWPa4HSAqGqWp62eAihqRBGn2SAM2Dek="},"chainType":2,"messageKeys":{}},"BXSOB/8xUb5DbZJYalnQomfB8BSooy5p6uvRyyiNczk+":{"chainKey":{"counter":-1,"key":"Xa9ScbxBB3BnXlhmgk+Bu8yNrUdszk0Cc8RJkPH33+U="},"chainType":1,"messageKeys":{}}}}},"version":"v1"}