{"_sessions":{"BThI4XLYEE/LSPfO2WbIGFKQnmHDcEjA3HYwC9YhyMFP":{"registrationId":1841915555,"currentRatchet":{"ephemeralKeyPair":{"pubKey":"BW96+rk4wa37S9Bn2Qjoiphk3D66mKHgMFL2RgnVSKQP","privKey":"UNWM0jA4e5dBftOduvqJImfR1IrSVbyb13MaeJWIQFI="},"lastRemoteEphemeralKey":"Bah5BeU2XC4bSbPyROuhEGs8nrzXqkgQlGABB/ANnpkn","previousCounter":0,"rootKey":"tPbiaeWFQdG4HUYEzcpFrX72h4QZmvhbqGV9DHDykIc="},"indexInfo":{"baseKey":"BThI4XLYEE/LSPfO2WbIGFKQnmHDcEjA3HYwC9YhyMFP","baseKeyType":2,"closed":-1,"used":1747426333254,"created":1747426333254,"remoteIdentityKey":"BZN2SPr3Sam7xTn9A7ErSJcsDts+w5AlCiiz1xYWZcRc"},"_chains":{"Bah5BeU2XC4bSbPyROuhEGs8nrzXqkgQlGABB/ANnpkn":{"chainKey":{"counter":0,"key":"9JHAIdWfjHUMwFJ13fc2fKhzQgaaKWSTW6/c4IwWS/Y="},"chainType":2,"messageKeys":{}},"BW96+rk4wa37S9Bn2Qjoiphk3D66mKHgMFL2RgnVSKQP":{"chainKey":{"counter":-1,"key":"0H0rtWxf/dE3pu6b0FhYZ6N7bYrcCLVBSSK/oo4pAHo="},"chainType":1,"messageKeys":{}}}}},"version":"v1"}