{"_sessions":{"BQ8fYoP0fPma7laSIj4qOfCJYrjy4zZE7xsA+AusM+Nb":{"registrationId":4250,"currentRatchet":{"ephemeralKeyPair":{"pubKey":"BblPv9wKAUn9LUzq5QQaFeSXYeFI6UcCXEO2tJ9/EUpw","privKey":"QOzSkZCUucYhW9a1CI4mdKaew1uuhEioSpuZn0bJ1X8="},"lastRemoteEphemeralKey":"BfTBe87VvAnNaMgusHXML7vHRsBFFxLypi53U2mWiUNI","previousCounter":0,"rootKey":"rt3rWGyM7eNBUIjW0WpfasSD+vXy7i4D8ieQByK5lcQ="},"indexInfo":{"baseKey":"BQ8fYoP0fPma7laSIj4qOfCJYrjy4zZE7xsA+AusM+Nb","baseKeyType":2,"closed":-1,"used":1747586541397,"created":1747586541397,"remoteIdentityKey":"BU7j3p7xkJdbsI+jyVhg5diCU2wnZxrSps3DpkrO2+lm"},"_chains":{"BfTBe87VvAnNaMgusHXML7vHRsBFFxLypi53U2mWiUNI":{"chainKey":{"counter":4,"key":"qfZZbxVMhx43+7dR0z7l/buz5Tm9axfii/0qcDaXwRM="},"chainType":2,"messageKeys":{"0":"/9BOSEZXzViqLA1cuINAryEBE2fNgk4QSnSBuLHkTSU=","1":"IwOh2j/P0Q9IbIte6p+RUS50FFt3Qa8B8jjeRiY+y60=","2":"3IXxD1B2W5G0YS89uY/eogCl49n9zz49f7YFgtvFpVs="}},"BblPv9wKAUn9LUzq5QQaFeSXYeFI6UcCXEO2tJ9/EUpw":{"chainKey":{"counter":-1,"key":"Fz6rBcOUZyusRvy2jb6BrHO0qMtEdJ2OFqoRYdyCwH8="},"chainType":1,"messageKeys":{}}}}},"version":"v1"}