{"_sessions":{"BSdZMyqdz/V6cFOYg7y+KZ5JUJfLNGuMQnfhD0Onibwl":{"registrationId":1200379737,"currentRatchet":{"ephemeralKeyPair":{"pubKey":"BRaCNel99XKDTnJbLVQD5ps8Q64G5IWXmr4qyrIpRk5b","privKey":"wABO8QiR2E8uz99AG8t2+H2XjLHo6tJvlMa6vZFB4Eo="},"lastRemoteEphemeralKey":"BWrWNEiLSzDWjF/7edIJNtWQ4a9XfWLDP2nO3zleBhhP","previousCounter":0,"rootKey":"ocDqim0DD2xnZ3ZUNNkPoKHkSq7m2bzEg1Khm7qhT/4="},"indexInfo":{"baseKey":"BSdZMyqdz/V6cFOYg7y+KZ5JUJfLNGuMQnfhD0Onibwl","baseKeyType":1,"closed":-1,"used":1747420124950,"created":1747420124950,"remoteIdentityKey":"BYMcKgTe3y0N2jLJB3Qnr39iagXBpP5vACse0scvutxX"},"_chains":{"BRaCNel99XKDTnJbLVQD5ps8Q64G5IWXmr4qyrIpRk5b":{"chainKey":{"counter":0,"key":"0Wr3H0se3+UdU8ipoVaVaJZJTIEQgwaqO9YLEdKN8eM="},"chainType":1,"messageKeys":{}}},"pendingPreKey":{"signedKeyId":0,"baseKey":"BSdZMyqdz/V6cFOYg7y+KZ5JUJfLNGuMQnfhD0Onibwl","preKeyId":14469543}}},"version":"v1"}