{"_sessions":{"BRLOnrai0P+u3UzUUI/2OuH/QN4u1wCAyvkkexpFM0Ac":{"registrationId":1963683222,"currentRatchet":{"ephemeralKeyPair":{"pubKey":"BdstdLGPc16PvsfhSXTI/v05IcUMNyybeeZU4OLBIO4L","privKey":"6FiZAA5MNUCPl8AOaR87HQ2CZMtdwrF0tfeBXJWinV8="},"lastRemoteEphemeralKey":"BdamwmN5N1WLq20/86zisM3VrbjWpIdOntkMwcEpXvsM","previousCounter":0,"rootKey":"byBq/Y1jx6TSQjjGCznTGYvOdM5UlVEVp+DyM/jbisI="},"indexInfo":{"baseKey":"BRLOnrai0P+u3UzUUI/2OuH/QN4u1wCAyvkkexpFM0Ac","baseKeyType":1,"closed":-1,"used":1747420125012,"created":1747420125012,"remoteIdentityKey":"BTcN446XfAEDvri7KVyo3s23Le5j4EPJ0i1RhPFZNJBh"},"_chains":{"BdstdLGPc16PvsfhSXTI/v05IcUMNyybeeZU4OLBIO4L":{"chainKey":{"counter":0,"key":"dAumRBm/Cndm+tNLCVsC4K/b6cnr1BVAM49hHIvboiI="},"chainType":1,"messageKeys":{}}},"pendingPreKey":{"signedKeyId":4,"baseKey":"BRLOnrai0P+u3UzUUI/2OuH/QN4u1wCAyvkkexpFM0Ac","preKeyId":12244447}}},"version":"v1"}