{"_sessions":{"BSj8fUMpWwSGBhB4WNwjQfS7pkemI9n/4UM/9DgrF7Ul":{"registrationId":807630227,"currentRatchet":{"ephemeralKeyPair":{"pubKey":"Bd2//E+rHUfBRrNORcGmKam+hPARULcnOiz6EUhZ9XRA","privKey":"QEhRiLVFMMCjPhz3OeQJan7bBuV2eOy3O3oxwR6ns3s="},"lastRemoteEphemeralKey":"Bd34DVYxQgPT1NzrALERY7q4K0eda9TOa/e0zOkhMCBl","previousCounter":0,"rootKey":"GOEfxUGrZJbgObDXX3sJ3OxXKoQgd2B1kGuJqCVGjRU="},"indexInfo":{"baseKey":"BSj8fUMpWwSGBhB4WNwjQfS7pkemI9n/4UM/9DgrF7Ul","baseKeyType":2,"closed":-1,"used":1747421032073,"created":1747421032073,"remoteIdentityKey":"BWSwbr2jfepGAP2FXnHEuM2mOOOZ6fa9JO/+JuaYKC5M"},"_chains":{"Bd34DVYxQgPT1NzrALERY7q4K0eda9TOa/e0zOkhMCBl":{"chainKey":{"counter":2,"key":"qTPYcxj2rmDSB9bf4Xk17UFAgKX+MJ6jkdAuuwuzcsQ="},"chainType":2,"messageKeys":{}},"Bd2//E+rHUfBRrNORcGmKam+hPARULcnOiz6EUhZ9XRA":{"chainKey":{"counter":-1,"key":"CFCYNG9xy6/Ul8Pb4zxrWC0Mn0RDsKGU3hELwQs0PlY="},"chainType":1,"messageKeys":{}}}}},"version":"v1"}