{"_sessions":{"BYujiyjv1K5yG+U1LhzQkwqaYLGdrnjbZURRLcavYW1Z":{"registrationId":55,"currentRatchet":{"ephemeralKeyPair":{"pubKey":"BZyBp+V3QejhhGpmTa3vfvMUD1D8k+pKkenyPwDNcXoa","privKey":"QHRPit0/qBdt8o9LRbSI0RQiYkfCfwmyXaSgXouBI0c="},"lastRemoteEphemeralKey":"BcMIgvna0pY5utbs7Lj1fhjeSHi9YEUNEPKuky/Mz/oA","previousCounter":0,"rootKey":"mHfbnkWagfSMgrkm6At/xpwgMbWjCYS1I1SSAKg43DE="},"indexInfo":{"baseKey":"BYujiyjv1K5yG+U1LhzQkwqaYLGdrnjbZURRLcavYW1Z","baseKeyType":1,"closed":-1,"used":1747420124924,"created":1747420124924,"remoteIdentityKey":"BSjVykvdJsfBVgd9YpfqUJTCzjg0uDNdFlALXqikU2Am"},"_chains":{"BZyBp+V3QejhhGpmTa3vfvMUD1D8k+pKkenyPwDNcXoa":{"chainKey":{"counter":0,"key":"QLq+ktCl3mYHCmvSuVUW19pBnigoVZLqZwJMeQkazXw="},"chainType":1,"messageKeys":{}}},"pendingPreKey":{"signedKeyId":1,"baseKey":"BYujiyjv1K5yG+U1LhzQkwqaYLGdrnjbZURRLcavYW1Z","preKeyId":89}}},"version":"v1"}