[
    {
        "codigo": "SA1A33XWR1",
        "linkProduto": "",
        "produto": "Remos para Caiaque ou Canoa - Novos",
        "valor": 70,
        "dataVenda": "16/05",
        "comprador": "menor",
        "plataforma": "OLX",
        "vendedor": {
            "nome": "Martalucia Menezes",
            "localizacao": "Engenho do Mato - Niterói, RJ, 24344125",
            "avaliacao": 4,
            "produtosVendidos": 0
        },
        "imagem": [
            "https://img.olx.com.br/images/23/237526157762566.jpg"
        ]
    }
]